{"lstm_fancy_tokenize_stem_transitivify_bidirectional=True,dropout_p=0.0,lr=0.001,batch_size=600,dense_depth=1,lstm_size=375,batchnorm=False,activation=relu,dense_size=100,rec_dropout_p=0.3,lstm_depth=1_maxlen=40": {"val_loss": 0.4315455082892699, "model_hyperparams": {"lstm_size": 375, "batchnorm": false, "rec_dropout_p": 0.3, "dropout_p": 0.0, "dense_depth": 1, "batch_size": 600, "activation": "relu", "lstm_depth": 1, "bidirectional": true, "lr": 0.001, "dense_size": 100}, "misc": {"hist": {"val_loss": [0.4315455082892699, 0.4609091397586892, 0.5194574729676633, 0.5531664698171228, 0.6083040275021515], "acc": [0.7802384830684125, 0.8282883545161237, 0.8542790532688248, 0.8729280929129506, 0.8881102637644852], "val_acc": [0.8014296452837354, 0.8112245927554871, 0.8217615946515875, 0.8225283809388612, 0.8266095942884087], "loss": [0.45424300378714616, 0.3551227077334347, 0.2993586657597851, 0.2621200168988696, 0.23300349853722546]}, "model_fnm": "params/exp_1.ckpt"}, "augmentors": ["transitivify"], "model": "lstm", "processors": ["fancy_tokenize", "stem"], "global_hyperparams": {"maxlen": 40}}, "lstm_lower_strip_punct_replace_nums_fancy_tokenize_transitivify_lstm_depth=1,dense_size=128,rec_dropout_p=0.3,activation=relu,dropout_p=0.3,bidirectional=True,lstm_size=256,batchnorm=True,lr=0.002,dense_depth=1,batch_size=1000_maxlen=30": {"val_loss": 0.4381098150425589, "model_hyperparams": {"lstm_size": 256, "batchnorm": true, "rec_dropout_p": 0.3, "dropout_p": 0.3, "dense_depth": 1, "batch_size": 1000, "activation": "relu", "lstm_depth": 1, "bidirectional": true, "lr": 0.002, "dense_size": 128}, "misc": {"hist": {"val_loss": [0.4381098150425589, 0.485188433137477, 0.5533404140959051, 0.6269536462151891, 0.6405634844918505], "acc": [0.7770797226452755, 0.8339190194925769, 0.8638012711444204, 0.8836042291586089, 0.8986299831949284], "val_acc": [0.8006381525977189, 0.814118591095374, 0.8200054561883361, 0.8243834972381592, 0.821910035247815], "loss": [0.45932113379063616, 0.3457185646395062, 0.2847667964815256, 0.24510703602383593, 0.21540272928297757]}, "model_fnm": "params/exp_0.ckpt"}, "augmentors": ["transitivify"], "model": "lstm", "processors": ["lower", "strip_punct", "replace_nums", "fancy_tokenize"], "global_hyperparams": {"maxlen": 30}}, "lstm_lower_strip_punct_replace_nums_fancy_tokenize_stem_transitivify_lstm_size=256,rec_dropout_p=0.3,dense_depth=1,batchnorm=True,lr=0.002,batch_size=1000,activation=relu,lstm_depth=1,bidirectional=True,dropout_p=0.3,dense_size=128_maxlen=30": {"val_loss": 0.43761755204556935, "model_hyperparams": {"lstm_size": 256, "rec_dropout_p": 0.3, "dense_depth": 1, "batchnorm": true, "lr": 0.002, "batch_size": 1000, "activation": "relu", "lstm_depth": 1, "bidirectional": true, "dropout_p": 0.3, "dense_size": 128}, "misc": {"hist": {"val_loss": [0.43761755204556935, 0.4665081521861113, 0.5110994101996331, 0.5536477341265708, 0.5696047669677283], "acc": [0.7714950521686438, 0.8219198937721706, 0.8486624858355071, 0.8673369206889103, 0.8821803116391442], "val_acc": [0.7961859131063419, 0.8079596446353572, 0.8155284715033754, 0.820178590619286, 0.8252986948051213], "loss": [0.4692421153221575, 0.36832135688717593, 0.3142559730573582, 0.27714009896376607, 0.24819707223053533]}, "model_fnm": "params/exp_2.ckpt"}, "augmentors": ["transitivify"], "model": "lstm", "processors": ["lower", "strip_punct", "replace_nums", "fancy_tokenize", "stem"], "global_hyperparams": {"maxlen": 30}}}